{
  "id": "torrentdivx",
  "name": "TorrentDivx",
  "thumbnail": "torrentdivx.jpg",

  "active": true,

  "searchable": true,
  "search_types": ["movie"],

  "categories": ["movie", "torrent"],
  "language": ["cast", "lat", "vose"],

  "clusters": ["current", "years", "torrents", "news", "languages", "qualityes", "kids", "docs", "vos"],

  "notes": "Canal con enlaces Torrent exclusivamente. Películas por géneros, idioma, calidad y año. Puede requerir el uso de proxies en función del país/operadora desde el que se accede."
}
