{
  "id": "torrents",
  "name": "Torrents",
  "thumbnail": "https://github.com/pepemebe/mag/raw/main/img/timg/thumb.jpg",

  "active": true,

  "searchable": true,
  "search_types": ["all", "movie", "tvshow"],

  "categories": ["movie", "tvshow", "torrent"],
  "language": ["cast", "Dual"],

  "clusters": ["torrents", "years", "3d", "4k", "news", "lists", "vos"],

  "notes": "Películas con enlaces torrent, por destacados, culto, A-Z, calidad, género, años, aleatorio, últimas y sagas. También series con enlaces torrent, por género, años, A-Z y últimos capítulos añadidos."
}
