<sources>
    <programs>
        <default pathversion="1"></default>
    </programs>
    <video>
        <default pathversion="1"></default>
    </video>
    <music>
        <default pathversion="1"></default>
    </music>
    <pictures>
        <default pathversion="1"></default>
    </pictures>
    <files>
        <default pathversion="1"></default>
        <source>
            <name>Downloader</name>
            <path pathversion="1">/storage/emulated/0/Downloader/</path>
            <allowsharing>true</allowsharing>
        </source>
        <source>
            <name>Vídeos</name>
            <path pathversion="1">smb://192.168.4.28:445/Vídeos/</path>
            <allowsharing>true</allowsharing>
        </source>
        <source>
            <name>packages</name>
            <path pathversion="1">/storage/emulated/0/Android/data/org.xbmc.kodi/files/.kodi/addons/packages/</path>
            <allowsharing>true</allowsharing>
        </source>
        <source>
            <name>temp</name>
            <path pathversion="1">/storage/emulated/0/Android/data/org.xbmc.kodi/files/.kodi/temp/</path>
            <allowsharing>true</allowsharing>
        </source>
        <source>
            <name>.kodi</name>
            <path pathversion="1">/storage/emulated/0/Android/data/org.xbmc.kodi/files/.kodi/</path>
            <allowsharing>true</allowsharing>
        </source>
    </files>
    <games>
        <default pathversion="1"></default>
    </games>
</sources>
