{
  "id": "cuevana3",
  "name": "Cuevana3",
  "thumbnail": "cuevana3.jpg",

  "active": true,

  "searchable": true,
  "search_types": ["all", "movie", "tvshow"],

  "categories": ["movie", "tvshow"],
  "language": ["lat", "cast", "vose"],

  "clusters": ["suggested", "news", "rankings", "languages", "lasts", "kids", "docs", "vos"],

  "notes": "Películas por idiomas, por géneros, estrenos. También series. Puede requerir el uso de proxies en función del país/operadora desde el que se accede."
}
