{
  "id": "subtorrents",
  "name": "SubTorrents",
  "thumbnail": "subtorrents.jpg",

  "active": true,

  "searchable": true,
  "search_types": ["all", "movie", "tvshow"],

  "categories": ["movie", "tvshow", "torrent"],
  "language": ["cast", "lat", "vose", "vo"],

  "clusters": ["inestable", "torrents", "news", "qualityes", "vos", "3d"],

  "notes": "Películas y series con enlaces torrent exclusivamente. Puede requerir el uso de proxies en función del país/operadora desde el que se accede."
}