{
  "id": "tupelihd",
  "name": "TuPeliHd",
  "thumbnail": "tupelihd.jpg",

  "active": true,

  "searchable": true,
  "search_types": ["movie"],

  "categories": ["movie", "torrent"],
  "language": ["cast", "lat"],

  "clusters": ["onlyone", "current", "torrents", "news", "qualityes", "years", "kids", "docs", "4k"],

  "notes": "Canal con enlaces Streaming y Torrent. Películas por idioma, géneros, calidad y año. Puede requerir el uso de proxies en función del país/operadora desde el que se accede."
}
