{
  "id": "pelishouse",
  "name": "PelisHouse",
  "thumbnail": "pelishouse.jpg",

  "active": true,

  "searchable": true,
  "search_types": ["all", "movie", "tvshow"],

  "categories": ["movie", "tvshow"],
  "language": ["cast", "lat", "vose"],

  "clusters": ["adults", "news", "rankings", "languages", "years", "countries", "kids", "docs", "vos", "3d"],

  "notes": "Películas y Series por idioma, géneros, año. Puede requerir el uso de proxies en función del país/operadora desde el que se accede."
}
