{
  "active": true,
  "name": "Torrents",
  "adult": false,
  "categories": [
    "movie"
  ],
  "changes": [
    {
      "date": "02/02/2022",
      "description": "Corrección de bugs y optimización del código."
    },
    {
      "date": "29/01/2022",
      "description": "Reestructurar canal por cambio de Host, añadir items y autoupdate user_channels."
    },
    {
      "date": "16/01/2022",
      "description": "Optimizar código. Add item Last."
    },
    {
      "date": "10/01/2022",
      "description": "Reajustes por cambio de Host. Add Kudos."
    },
    {
      "date": "1/12/2021",
      "description": "Optimizar el código del item última adición (sin Threads pero más rápido)."
    },
    {
      "date": "26/11/2021",
      "description": "Optimizar el código del item última adición (con Threads)."
    },
    {
      "date": "25/11/2021",
      "description": "Reparar y optimizar el código del item última adición."
    },
    {
      "date": "14/11/2021",
      "description": "Limpiar y optimizar código."
    },
    {
      "date": "13/11/2021",
      "description": "Añadido item Última adición."
    },
    {
      "date": "23/10/2021",
      "description": "Modificado código interno para Sagas."
    },
    {
      "date": "05/09/2021",
      "description": "Modificado código condicional interno."
    },
    {
      "date": "21/08/2021",
      "description": "Modificado código interno."
    },
    {
      "date": "11/04/2021",
      "description": "Nuevo apartado últimas añadidas en menú."
    },
    {
      "date": "05/04/2021",
      "description": "Cambios mínimos internos y mejoras en listados."
    },
    {
      "date": "25/03/2021",
      "description": "Cambios internos, mejoras y limpieza de código."
    },
    {
      "date": "22/03/2021",
      "description": "Cambios internos y mejoras en listados."
    },
    {
      "date": "17/03/2021",
      "description": "Cambios menores en los listados."
    },
    {
      "date": "06/03/2021",
      "description": "Modificado por cambios en la fuente."
    },
    {
      "date": "04/02/2021",
      "description": "Primera versión."
    }
  ],
  "id": "torrents",
  "min_version": {
    "main": "2.4.1",
    "python": null
  },
  "search": {
    "movie":{
      "action": "search",
      "content_type": "movies"
    }
  },
    "newest": {
        "movie": {
          "action": "selection",
          "label": "Cine de estreno",
          "content_type": "movies"
    }
  },
  "poster": "https://github.com/pepemebe/mag/raw/main/img/poster/torrents.png",
  "icon": "https://github.com/pepemebe/mag/raw/main/img/icon/torrents.png",
  "thumb": "https://github.com/pepemebe/mag/raw/main/img/thumb/torrents.png",
  "fanart": "https://github.com/pepemebe/mag/raw/main/img/fanart/torrents.jpg",
  "settings": [],
  "version": 23
}
