{
  "id": "playdede",
  "name": "PlayDede",
  "thumbnail": "playdede.jpg",

  "active": true,

  "searchable": true,
  "search_types": ["all", "movie", "tvshow"],

  "categories": ["movie", "tvshow"],
  "language": ["cast", "lat", "vose", "vo"],

  "clusters": ["mismatched", "register", "suggested", "news", "rankings", "languages", "qualityes", "countries", "years", "lists", "lasts", "producers", "kids", "docs", "vos", "anime"],

  "notes": "Películas por géneros, Series por Géneros y Animes, también por año. Puede requerir el uso de proxies en función del país/operadora desde el que se accede."
}
