{
  "id": "pelisyseries",
  "name": "PelisySeries",
  "thumbnail": "pelisyseries.jpg",

  "active": false,

  "searchable": true,
  "search_types": ["movie"],

  "categories": ["movie", "torrent"],
  "language": ["cast", "lat", "vose"],

  "clusters": ["temporary", "inestable", "notice", "torrents", "rankings", "years", "qualityes", "countries", "kids", "vos", "anime", "4k"],

  "notes": "Canal con enlaces Streaming y Torrent. Películas por géneros, año. Puede requerir el uso de proxies en función del país/operadora desde el que se accede."
}
