{
  "id": "dilo",
  "name": "Dilo",
  "thumbnail": "dilo.png",

  "active": true,

  "searchable": true,
  "search_types": ["tvshow"],

  "categories": ["tvshow"],
  "language": ["cast", "lat", "vose"],

  "clusters": ["inestable", "suggested", "lasts", "years", "countries", "adults", "kids", "docs", "vos"],

  "notes": "Series por géneros, año, país. También dispone de Películas catalogadas como episodios. Puede requerir el uso de proxies en función del país/operadora desde el que se accede."
}
