{
  "id": "playdede",
  "name": "PlayDede",
  "thumbnail": "playdede.jpg",

  "active": true,

  "searchable": true,
  "search_types": ["all", "movie", "tvshow"],

  "categories": ["movie", "tvshow"],
  "language": ["cast", "lat", "vose", "vo"],

  "clusters": ["register", "suggested", "news", "rankings", "years", "lists", "lasts", "producers", "kids", "docs", "vos", "anime"],

  "notes": "Películas, Series y Animes, por géneros, año. Puede requerir el uso de proxies en función del país/operadora desde el que se accede."
}
