{
  "id": "pelishouseonline",
  "name": "PelisHouseOnline",
  "thumbnail": "pelishouseonline.jpg",

  "active": true,

  "searchable": true,
  "search_types": ["all", "movie", "tvshow"],

  "categories": ["movie", "tvshow", "torrent"],
  "language": ["cast", "lat", "vose"],

  "clusters": ["problematic", "adults", "torrents", "news", "rankings", "languages", "years", "countries", "kids", "docs", "vos", "3d"],

  "notes": "Canal con enlaces Streaming y Torrent. Películas por idioma, géneros, año. Series por Géneros."
}
