<?xml version="1.0" encoding="UTF-8" standalone="yes"?>
<addon id="plugin.video.balandro" name="Balandro" version="2.4.2.01" provider-name="Balandro Team">
  <requires>
     <import addon="script.module.requests"/>
  </requires>

  <extension point="xbmc.python.pluginsource" library="default.py">
    <provides>video</provides>
  </extension>

  <extension point="xbmc.addon.metadata">
    <summary>Balandro es un Navegador de páginas Webs</summary>
    <assets>
      <icon>icon.png</icon>
    </assets>
    <news>
    [COLOR darkorange][B]Versión  [/COLOR][COLOR yellow]2.4.2.01[/COLOR][COLOR red]  Mod Octubre 2022[/B][/COLOR]

    [COLOR goldenrod][B]Media Centers Soportados[/COLOR][COLOR plum]  20.x,  19.x,  18.x  y  17.x[/B][/COLOR]

    [COLOR springgreen][B]Fuentes:[/COLOR]  [COLOR cyan]balandro-tk.github.io/balandro/[/B][/COLOR]

    [COLOR blue][B]Agradecimientos:[/B][/COLOR]
        Cita destacada a los miembros de Balandro Team
        Mención especial al grupo de Balandro Checkers

    [COLOR cyan][B]Canales:[/B][/COLOR]
        Revisión Generalizada
        Nuevos - Sin novedades
        Anulados - Las webs cerradas

    [COLOR springgreen][B]Servidores:[/B][/COLOR]
        Revisión Generalizada
        Nuevos - Sin novedades
        Anulados - Las webs cerradas
    </news>
    <summary>Balandro es un navegador de páginas webs</summary>
    <description>[COLOR yellow][B]Balandro es desde el año [COLOR cyan]2018[COLOR yellow] un MOD derivado de Pelisalacarta y Alfa,[COLOR mediumaquamarine] y tiene como objeto, permitir visualizar Películas, Series y Documentales, todo a través de Internet y directamente desde su sistema Media Center. [COLOR orchid]Este Add-On es tan solo un mero Ejercicio de Aprendizaje del Lenguaje de Programación Python y se distribuye sin Ningún Contenido Multimedia adjunto al mismo [COLOR lightgrey][I]En consecuencia solo las Webs son Plenamente Responsables de los contenidos que publiquen.[/I][/B][/COLOR]</description>
    <disclaimer>[COLOR tan][B]Está Prohibida su distribución, solo ó junto con Contenidos Multimedia Protegidos por los Derechos de Autor. [COLOR chocolate]Si este tipo de contenido está Prohibido en su País, solamente Usted será el Responsable de su uso. [COLOR white]La vulneración de estas prohibiciones Exonerarán de cualquier Culpa a sus Autores, [COLOR red]Siendo el unico Responsable quien lo haya Distribuido ó Utilizado Ilegalmente.[/B][/COLOR]</disclaimer>
    <platform>all</platform>
    <license>GNU GPL v3</license>
    <source>https://balandro-tk.github.io/balandro/</source>
    <forum>https://www.mimediacenter.info/foro/</forum>
  </extension>

  <extension point="xbmc.service" library="services.py" start="login|startup"/>
</addon>
