{
    "active": true, 
    "adult": false, 
    "host": "https://hdfull.one",
    "categories": [
        "movie", 
        "tvshow"
    ], 
    "changes": [
        {
          "date": "17/08/2021",
          "description": "Cambio de dominio"
        },
        {
          "date": "23/07/2021",
          "description": "Cambio de dominio + cambios en la web"
        },
        {
          "date": "12/04/2021",
          "description": "Cambio dominio"
        },
        {
          "date": "21/01/2021",
          "description": "Cambio dominio"
        },
        {
          "date": "16/11/2020",
          "description": "Cambio dominio y cambios internos"
        },
        {
          "date": "03/08/2020",
          "description": "Añadida opción de varios dominios"
        },
        {
          "date": "03/08/2020",
          "description": "Cambio dominio"
        },
        {
          "date": "13/07/2020",
          "description": "Cambio dominio"
        },
        {
          "date": "30/12/2019",
          "description": "Soporte Python 3"
        },
        {
            "date": "09/11/2019",
            "description": "Reparado por cambio de dominio"
        },
        {
            "date": "14/10/2019",
            "description": "Arreglados algunos fallos"
        },
        {
            "date": "19/09/2019",
            "description": "Reparado por cambios en la web"
        },
        {
            "date": "19/02/2019",
            "description": "Reparado por cambios en la web"
        },
        {
            "date": "28/01/2019",
            "description": "Corregidas algunas series que no mostraban episodios"
        },
        {
            "date": "08/12/2018",
            "description": "Añadida búsqueda por generos"
        },
        {
            "date": "16/11/2018",
            "description": "Reparar error en el login de usuario"
        },
        {
            "date": "15/10/2018",
            "description": "Hotfix items de usuario vacios"
        },
        {
            "date": "25/09/2018",
            "description": "Reparación por cambios en la web"
        },
        {
            "date": "26/05/2018",
            "description": "Reparación por cambios en la web"
        },
        {
            "date": "25/04/2018",
            "description": "Reparación por cambios en la web"
        },
        {
            "date": "29/01/2018",
            "description": "Permitir el elegir entre http y https para saltarse el bloque de vodafone"
        },
        {
            "date": "19/01/2018",
            "description": "Reparación por cambios en la web"
        },
        {
            "date": "31/08/2017",
            "description": "Primera versión"
        }
    ],
    "id": "hdfull",
    "min_version": {
        "main": "2.0",
        "python": null
    },
    "name": "HDFull",
    "newest": {
        "episode": {
            "action": "newest_episodes",
            "content_type": "episodes",
            "url": "/series/episodio"
        },
        "movie": {
            "action": "movies",
            "content_type": "movies",
            "url": "/peliculas-actualizadas"
        },
        "tvshow": {
            "action": "tvshows",
            "content_type": "tvshows",
            "url": "/series"
        }
    },
    "search": {
        "movie": {
            "action": "movie_search",
            "content_type": "movies"
        },
        "movie_gender": {
            "action_gender": "movies",
            "url": {
                "action": "/tags-peliculas/action",
                "adventure": "/tags-peliculas/adventure",
                "animation": "/tags-peliculas/animation",
                "comedy": "/tags-peliculas/comedy",
                "drama": "/tags-peliculas/drama",
                "fantasia": "/tags-peliculas/fantasy",
                "intrigue": "/tags-peliculas/thriller",
                "musical": "/tags-peliculas/musical",
                "romantic": "/tags-peliculas/romance",
                "science-fiction": "/tags-peliculas/science-fiction",
                "terror": "/tags-peliculas/horror",
                "war": "/tags-peliculas/war",
                "western": "/tags-peliculas/western"
            }
        },
        "tvshow": {
            "action": "tv_search",
            "content_type": "tvshows"
        }
    },
    "settings": [
        {
            "default": "",
            "id": "user",
            "label": "Usuario",
            "type": "text"
        },
        {
            "default": "",
            "hidden": true,
            "id": "password",
            "label": "Contraseña",
            "type": "text"
        }
    ],
    "version": 23
}