{
  "id": "movidytv",
  "name": "MovidyTv",
  "thumbnail": "movidytv.jpg",

  "active": false,

  "searchable": false,
  "search_types": ["all", "movie", "tvshow"],

  "categories": ["movie", "tvshow"],
  "language": ["cast", "lat", "vose", "vo"],

  "clusters": ["temporary", "rankings", "years", "lasts", "stars", "directors", "kids", "docs", "vos"],

  "notes": "Películas por géneros, año. Series por Géneros. Puede requerir el uso de proxies en función del país/operadora desde el que se accede."
}
