{
  "active": true,
  "changes": [
    {
      "date": "03/03/2020",
      "description": "Cambios internos"
    },
    {
      "date": "31/12/2019",
      "description": "Primera version"
    }
  ],
  "find_videos": {
    "ignore_urls": [],
    "patterns": [
      {
        "pattern": "mixdrop.(?:to|co)/(?:e|f)/([A-z0-9]+)",
        "url": "https://mixdrop.to/e/\\1"
      }
    ]
  },
  "free": true,
  "id": "mixdrop",
  "name": "Mixdrop",
  "settings": [],
  "version": 2
}