<?xml version="1.0" encoding="UTF-8"?>
<addon id="skin.estuary.MaxEdv3" version="4.0.2" name="Estuary MaxEd v3" provider-name="phil65, Ichabod Fletchman, pepemebe">
	<requires>
		<import addon="xbmc.gui" version="5.16.0"/>
                <import addon="resource.images.skinbackgrounds.clearMod" version="1.1.9"/>
                <import addon="resource.images.weatherfanart.faded" optional="true"/>
                <import addon="resource.images.moviegenrefanart.wall-grey" optional="true"/>
                <import addon="script.extendedinfo" optional="true"/>
                <import addon="script.module.horus"  version="1.1.9"/>
                <import addon="plugin.video.cristalazul"  version="3.0.8"/>
                <import addon="plugin.video.moestv"  optional="true"/>
                <import addon="plugin.video.balandro"  version="4.0.00.01"/>
	</requires>
	<extension point="xbmc.gui.skin" debugging="false">
		<res width="1920" height="1440" aspect="4:3" default="false" folder="xml" />
		<res width="1920" height="1280" aspect="3:2" default="false" folder="xml" />
		<res width="1920" height="1200" aspect="16:10" default="false" folder="xml" />
		<res width="2040" height="1080" aspect="17:9" default="false" folder="xml" />
		<res width="1920" height="1080" aspect="16:9" default="true" folder="xml" />
		<res width="2560" height="1080" aspect="21:9" default="false" folder="xml" />
		<res width="2338" height="1080" aspect="19.5:9" default="false" folder="xml" />
		<res width="2160" height="1080" aspect="18:9" default="false" folder="xml" />
	</extension>
	<extension point="xbmc.addon.metadata">
		<platform>android</platform>
		<license>CC BY-SA 4.0, GNU GENERAL PUBLIC LICENSE Version 2.0</license>
		<forum>https://github.com/pepemebe</forum>
		<source>https://github.com/pepemebe</source>
		<assets>
			<icon>resources/icon.png</icon>
			<fanart>resources/fanart.jpg</fanart>
			<screenshot>resources/screenshot-01.png</screenshot>
			<screenshot>resources/screenshot-02.png</screenshot>
			<screenshot>resources/screenshot-03.png</screenshot>
			<screenshot>resources/screenshot-04.png</screenshot>
			<screenshot>resources/screenshot-05.png</screenshot>
			<screenshot>resources/screenshot-06.png</screenshot>
			<screenshot>resources/screenshot-07.png</screenshot>
			<screenshot>resources/screenshot-08.png</screenshot>
			<screenshot>resources/screenshot-09.png</screenshot>
		</assets>
		<summary lang="ca_ES">Aparença Estuary MaxEd v3 (només per Android) per phil65, Ichabod Fletchman, darkozma.</summary>
		<summary lang="en_GB">Estuary MaxEd v3 skin (only for Android) by phil65, Ichabod Fletchman, darkozma.</summary>
		<summary lang="es_ES">Skin Estuary MaxEd v3 (solo para Android), creado por phil65, Ichabod Fletchman, darkozma.</summary>
		<description lang="ca_ES">Estuary MaxEd v3 és una modificació de l'aparença predeterminada de Kodi 20.0 (només per Android).</description>
		<description lang="en_GB">Estuary MaxEd v3 is a mod of the default skin for Kodi 20.0 (only for Android).</description>
		<description lang="es_ES">Estuary MaxEd v3 es un mod del skin por defecto para Kodi 20.0 (solo para Android).</description>
		<disclaimer lang="ca_ES">[COLOR red]Estuary MaxEd v3 és una aparença modificada per a Kodi.[/COLOR]</disclaimer>
		<disclaimer lang="en_GB">[COLOR red]Estuary MaxEd v3 is a mod skin for Kodi.[/COLOR]</disclaimer>
		<disclaimer lang="es_ES">[COLOR red]Estuary MaxEd v3 es una modificación del skin para Kodi.[/COLOR]</disclaimer>
		<news>[COLOR blue][B]Skin Estuary MaxEd v3[/B][/COLOR]
[COLOR green][B]•4.0.2[/B] Minor bug fix.[/COLOR]
[COLOR yellow][B]•4.0.0[/B] K20 comp.[/COLOR]
[COLOR yellow][B]•3.2.9[/B] Update item Menu.[/COLOR]
[COLOR yellow][B]•3.2.5[/B] Update item Menu.[/COLOR]
[COLOR yellow][B]•3.2.3[/B] Update item Menu.[/COLOR]
[COLOR yellow][B]•3.2.2[/B] Update item Menu.[/COLOR]
[COLOR yellow][B]•3.2.1[/B] Update item Menu.[/COLOR]
[COLOR yellow][B]•3.2.0[/B] Update item Menu.[/COLOR]
[COLOR yellow][B]•3.1.8[/B] Update Menu.[/COLOR]
[COLOR yellow][B]•3.1.5[/B] New Menu.[/COLOR]
[COLOR yellow][B]•3.1.4[/B] Add item Menu.[/COLOR]
[COLOR yellow][B]•3.0.5[/B] MaxEDITion beta.[/COLOR]
[COLOR yellow][B]•2.2.8[/B] Initial beta test.[/COLOR]
[COLOR yellow][B]•2.2.5[/B] Initial beta.[/COLOR]
[COLOR yellow][B]•2.0.2[/B] Home modded.[/COLOR]
[COLOR yellow][B]•0.2.1[/B] Initial alpha.[/COLOR]
[COLOR yellow][B]•0.0.1[/B] Mod Estuary (0.8.5) for Android.[/COLOR]</news>
	</extension>
</addon>
