{
  "id": "torrentdivx",
  "name": "TorrentDivx",
  "thumbnail": "torrentdivx.jpg",

  "active": true,

  "searchable": true,
  "search_types": ["movie"],

  "categories": ["movie", "torrent"],
  "language": ["cast", "lat", "vose"],

  "clusters": ["torrents", "news", "languages", "qualityes", "years", "kids", "docs", "vos"],

  "notes": "Películas con enlaces torrent exclusivamente, por géneros, idioma, calidad y año. Puede requerir el uso de proxies en función del país/operadora desde el que se accede."
}
