<?xml version="1.0" encoding="UTF-8" standalone="yes"?>
<addon id="repository.pep" name="Pep Repository" version="2.2.5" provider-name="pep">
    <extension point="xbmc.addon.repository" name="Pep Repository">
        <info compressed="false">https://raw.githubusercontent.com/pepemebe/mag/main/z/addons.xml</info>
        <checksum>https://raw.githubusercontent.com/pepemebe/mag/main/z/addons.xml.md5</checksum>
        <datadir zip="true">https://raw.githubusercontent.com/pepemebe/mag/main/z</datadir>
        <dir>
            <info compressed="false">https://raw.githubusercontent.com/devalls/repository/master/addons.xml</info>
            <checksum>https://raw.githubusercontent.com/devalls/repository/master/addons.xml.md5</checksum>
            <datadir zip="true">https://raw.githubusercontent.com/devalls/repository/master</datadir>
        </dir>
    </extension>
    <extension point="xbmc.addon.metadata">
    <summary lang="ca_ES">Repositori Pep</summary>
	<summary lang="es_ES">Repositorio Pep</summary>
	<summary lang="en_GB">Pep repository</summary>
        <description lang="ca_ES">Descarrega i instal·la complements des del repositori Pep</description>
	<description lang="es_ES">Descarga e instala addons desde el repositorio Pep</description>
	<description lang="en_GB">Download and install addons fron Pep repository</description>
        <disclaimer>[COLOR red]The owners and submitters to this repository do not host or distribute any of the content displayed by these addons nor do they have any affiliation with the content providers.[/COLOR]</disclaimer>
        <platform>all</platform>
	<assets>
		<icon>icon.png</icon>
		<fanart>fanart.jpg</fanart>
	</assets>
	<news>[COLOR blue][B]Pep repo[/B][/COLOR]
[COLOR green][B]•2.2.5[/B] ReCode back.[/COLOR]
[COLOR yellow][B]•1.1.1[/B] ReCode.[/COLOR]
[COLOR yellow][B]•1.0.0[/B] First pvr release.[/COLOR]</news>
    </extension>
</addon>
