{
    "addon_version": "2.1.2.08", 
    "files": {
        "0": [
            "modules", 
            "actions", 
            "mainmenu.py"
        ], 
        "1": [
            "channels", 
            "torrents.py", 
            "torrents.json", 
            "pelitorrent.py", 
            "pelitorrent.json"
        ], 
        "2": [
            "platformcode", 
            "updater.py"
        ], 
        "3": [
            "resources", 
            "settings.xml"
        ]
    }, 
    "fix_version": 0, 
    "hash": "66c982960677e57b7571d04cfe0e0343", 
    "mod_version": 1
}
