{
    "addon_version": "2.1.2", 
    "files": {
        "0": [
            "channels", 
            "pelisencastellano.py"
        ], 
        "1": [
            "channels", 
            "verpeliculasrd.json"
        ], 
        "10": [
            "servers", 
            "fembed.json"
        ], 
        "11": [
            "servers", 
            "fembed.py"
        ], 
        "12": [
            "servers", 
            "mega.json"
        ], 
        "13": [
            "servers", 
            "mega.py"
        ], 
        "14": [
            "servers", 
            "streamsb.json"
        ], 
        "15": [
            "channels", 
            "cinecalidad.py"
        ], 
        "16": [
            "channels", 
            "kindor.py"
        ], 
        "17": [
            "channels", 
            "peliseries.py"
        ], 
        "18": [
            "servers", 
            "highload.json"
        ], 
        "19": [
            "servers", 
            "highload.py"
        ], 
        "2": [
            "channels", 
            "verpeliculasrd.py"
        ], 
        "20": [
            "servers", 
            "nupload.py"
        ], 
        "21": [
            "servers", 
            "upvideo.py"
        ], 
        "22": [
            "resources", 
            "settings.xml"
        ], 
        "23": [
            "modules", 
            "tester.py"
        ], 
        "24": [
            "modules", 
            "proxysearch.py"
        ], 
        "25": [
            "lib", 
            "megaserver", 
            "__init__.py"
        ], 
        "26": [
            "resources", 
            "media", 
            "channels", 
            "thumb", 
            "movidytv.jpg"
        ], 
        "27": [
            "core", 
            "proxytools.py"
        ], 
        "28": [
            "channels", 
            "dontorrents.py"
        ], 
        "29": [
            "channels", 
            "movidytv.py"
        ], 
        "3": [
            "core", 
            "servertools.py"
        ], 
        "30": [
            "channels", 
            "movidytv.json"
        ], 
        "31": [
            "channels", 
            "movidymobi.json"
        ], 
        "32": [
            "channels", 
            "movidymobi.py"
        ], 
        "33": [
            "modules", 
            "generos.py"
        ], 
        "34": [
            "resources", 
            "media", 
            "channels", 
            "thumb", 
            "movidymobi.jpg"
        ], 
        "35": [
            "servers", 
            "vidoza.json"
        ], 
        "36": [
            "modules", 
            "search.py"
        ], 
        "37": [
            "modules", 
            "mainmenu.py"
        ], 
        "38": [
            "modules", 
            "actions.py"
        ], 
        "39": [
            "channels", 
            "newpct1.py"
        ], 
        "4": [
            "lib", 
            "megaserver", 
            "client.py"
        ], 
        "40": [
            "channels", 
            "hdfullcom.py"
        ], 
        "41": [
            "modules", 
            "submnuctext.py"
        ], 
        "42": [
            "resources", 
            "media", 
            "channels", 
            "thumb", 
            "espapelis.png"
        ], 
        "43": [
            "channels", 
            "yestorrent.py"
        ], 
        "44": [
            "channels", 
            "subtorrents.py"
        ], 
        "45": [
            "channels", 
            "repelishd.py"
        ], 
        "46": [
            "channels", 
            "repelishd.json"
        ], 
        "47": [
            "channels", 
            "pelisretro.json"
        ], 
        "48": [
            "channels", 
            "hdfull.py"
        ], 
        "49": [
            "channels", 
            "espapelis.py"
        ], 
        "5": [
            "lib", 
            "megaserver", 
            "cursor.py"
        ], 
        "50": [
            "channels", 
            "espapelis.json"
        ], 
        "51": [
            "channels", 
            "animeflv.py"
        ], 
        "52": [
            "servers", 
            "streamtape.py"
        ], 
        "53": [
            "channels", 
            "cinedeantes.py"
        ], 
        "54": [
            "channels", 
            "dixmaxlive.py"
        ], 
        "55": [
            "channels", 
            "megadede2.py"
        ], 
        "56": [
            "channels", 
            "pelispedia.json"
        ], 
        "57": [
            "channels", 
            "pelispedia.py"
        ], 
        "58": [
            "channels", 
            "pelispedia2.json"
        ], 
        "59": [
            "channels", 
            "pelispedia2.py"
        ], 
        "6": [
            "lib", 
            "megaserver", 
            "file.py"
        ], 
        "60": [
            "channels", 
            "retrotv.py"
        ], 
        "61": [
            "channels", 
            "seriesflixvideo.py"
        ], 
        "62": [
            "channels", 
            "seriesflvxyz.py"
        ], 
        "63": [
            "channels", 
            "seriesmetro.json"
        ], 
        "64": [
            "channels", 
            "seriesmetro.py"
        ], 
        "65": [
            "resources", 
            "media", 
            "channels", 
            "thumb", 
            "pelispedia2.png"
        ], 
        "7": [
            "lib", 
            "megaserver", 
            "handler.py"
        ], 
        "8": [
            "lib", 
            "megaserver", 
            "server.py"
        ], 
        "9": [
            "resources", 
            "media", 
            "channels", 
            "thumb", 
            "verpeliculasrd.png"
        ]
    }, 
    "fix_version": 8, 
    "hash": "66c982960677e57b7571d04cfe0e0343"
}
