{
  "id": "fembed",
  "name": "Fembed",

  "active": true,

  "find_videos": {
    "ignore_urls": [],
    "patterns": [
      {
        "pattern": "((?:fembed.com|fembed.live|fembed.net|fembed-hd.com|fembeder.com|divload.com|ilovefembed.best|myurlshort.live|jplayer.club|feurl.com|fembedisthebest.rest|femax20.com|fcdn.stream|fembad.org|pelispng.online|hlshd.xyz|embedsito.com|mrdhan.com|dutrag.com|fplayer.info|diasfem.com|suzihaza.com|vanfem.com|youtvgratis.com|oceanplay.org|gotovideo.kiev.ua|owodeuwu.xyz)/(?:v|f)/[A-z0-9_-]+)",
        "url": "https://www.\\1"
      }
    ]
  }

}