{
  "id": "pelisgratis",
  "name": "PelisGratis",
  "thumbnail": "pelisgratis.png",

  "active": true,

  "searchable": true,
  "search_types": ["movie"],

  "categories": ["movie"],
  "language": ["cast", "lat", "vose"],

  "clusters": ["news", "languages", "qualityes", "years", "kids", "docs", "vos"],

  "notes": "Acceso por separado a Castellano, Latino y Subtitulado. Películas por género, año y calidad. Puede requerir el uso de proxies en función del país/operadora desde el que se accede."
}
