{
  "active": false,
  "changes": [
    {
      "date": "31/12/2019",
      "description": "Cambios internos"
    },
    {
      "date": "19/10/2019",
      "description": "Primera version"
    }
  ],
  "find_videos": {
    "ignore_urls": [],
    "patterns": [
      {
        "pattern": "onlystream.tv/(?:/e|)([a-z0-9]+)",
        "url": "https://onlystream.tv/e/\\1"
      }
    ]
  },
  "free": true,
  "id": "onlystream",
  "name": "Onlystream",
  "settings": [],
  "version": 2
}