{
  "id": "pelitorrent",
  "name": "Pelitorrent",
  "thumbnail": "https://github.com/pepemebe/mag/raw/main/img/timg/pelitorrent.jpg",

  "active": true,

  "searchable": true,
  "search_types": ["all", "movie", "tvshow"],

  "categories": ["movie", "tvshow", "torrent"],
  "language": ["cast", "lat", "Dual", "vose"],

  "clusters": ["torrents", "genres", "years", "quality", "alphabet", "Top10", "vos"],

  "notes": "Películas por catálogo, géneros, años, calidad, alfabeto y top. Series por catálogo, top, alfabeto y años. Enlaces torrent exclusivamente."
}
