{
  "active": true,
  "changes": [
    {
      "date": "30/03/2020",
      "description": "Fix"
    },
    {
      "date": "11/03/2020",
      "description": "Añadido dominio y correción PY3"
    },
    {
      "date": "30/12/2019",
      "description": "Soporte Python 3"
    },
    {
      "date": "03/07/2019",
      "description": "Mejoras en la detección"
    },
    {
      "date": "08/01/2019",
      "description": "Primera version"
    }
  ],
  "find_videos": {
    "ignore_urls": [],
    "patterns": [
      {
        "pattern": "upvid\\.(?:co|pro|host)/(?:embed-|)([A-z0-9]+)(?:\\.html|)",
        "url": "https://upvid.host/embed-\\1.html"
      }
    ]
  },
  "free": true,
  "id": "upvid",
  "name": "UpVID",
  "settings": [],
  "version": 6
}