{
  "id": "dontorrents",
  "name": "DonTorrents",
  "thumbnail": "dontorrents.jpg",

  "active": true,

  "searchable": true,
  "search_types": ["all", "movie", "tvshow"],

  "categories": ["movie", "tvshow", "torrent"],
  "language": ["cast"],

  "clusters": ["torrents", "news", "lasts", "years", "qualityes", "kids", "docs"],

  "notes": "Películas, series y documentales con enlaces torrent exclusivamente, por géneros, calidad y año. Puede requerir el uso de proxies en función del país/operadora desde el que se accede."
}