{
  "id": "movidymobi",
  "name": "MovidyMobi",
  "thumbnail": "movidymobi.jpg",

  "active": true,

  "searchable": true,
  "search_types": ["all", "movie", "tvshow"],

  "categories": ["movie", "tvshow"],
  "language": ["cast"],

  "clusters": ["adults", "news", "rankings", "years", "countries", "lasts", "kids", "docs", "vos"],

  "notes": "Películas: novedades, por género. Series: últimos episodios, por género. Esta web intercala películas de adultos en algunas secciones, pero puedes desactivarlas en la configuración del addon."
}
