{
    "active": true,
    "adult": false,
    "host": "https://www.cine-calidad.com",
    "categories": [
        "movie"
    ], 
    "changes": [
        {
            "date": "07/08/2021",
            "description": "Cambio dominio"
        },
        {
            "date": "12/05/2021",
            "description": "Desactivado porque han eliminado los enlaces"
        },
        {
            "date": "13/12/2020",
            "description": "Añadir nuevos serivdores"
        },
        {
            "date": "10/11/2019",
            "description": "Añadir nuevos dominios"
        },
        {
            "date": "09/08/2019",
            "description": "Añadir nuevos servidores"
        },
        {
            "date": "03/07/2019",
            "description": "Descartar enlaces VIP"
        },
        {
            "date": "17/06/2019",
            "description": "Añadida opción proxy y varios dominios"
        },
        {
            "date": "15/06/2019",
            "description": "Corregir patron que hacia que no se mostrasen algunas peliculas"
        },
        {
            "date": "21/05/2019",
            "description": "Añadidos enlaces Fembed"
        },
        {
            "date": "21/03/2019",
            "description": "Cambios en la web"
        },
        {
            "date": "26/02/2019",
            "description": "Cambios en la web"
        },
        {
            "date": "28/01/2019",
            "description": "Reparar enlaces"
        },
        {
            "date": "08/12/2018", 
            "description": "Añadida búsqueda por generos"
        }, 
        {
            "date": "26/08/2018", 
            "description": "Reparar enlaces"
        }, 
        {
            "date": "10/03/2018", 
            "description": "Reparar enlaces"
        }, 
        {
            "date": "31/01/2018", 
            "description": "Reparar regex"
        }, 
        {
            "date": "31/08/2017", 
            "description": "Primera versión"
        }
    ], 
    "id": "cinecalidad", 
    "min_version": {
        "main": "1.1.7.201911122000",
        "python": null
    }, 
    "name": "CineCalidad", 
    "newest": {
        "movie": {
            "action": "movies", 
            "content_type": "movies", 
            "url": "/espana/"
        }
    }, 
    "search": {
        "movie": {
            "action": "search", 
            "content_type": "movies"
        }, 
        "movie_gender": {
            "action_gender": "movies", 
            "url": {
                "action": "/espana/genero-peliculas/accion/",
                "adventure": "/espana/genero-peliculas/aventura/",
                "animation": "/espana/genero-peliculas/animacion/",
                "children": "/espana/genero-peliculas/infantil/",
                "comedy": "/espana/genero-peliculas/comedia/",
                "drama": "/espana/genero-peliculas/drama/",
                "fantasia": "/espana/genero-peliculas/fantasia/",
                "intrigue": "/espana/genero-peliculas/suspenso/",
                "romantic": "/espana/genero-peliculas/romance/",
                "science-fiction": "/espana/genero-peliculas/ciencia-ficcion/",
                "terror": "/espana/genero-peliculas/terror/"
            }
        }
    }, 
    "settings": [
    ],
    "version": 17
}