{
    "active": true,
    "changes": [
        {
            "date": "13/07/2020",
            "description": "Corregido por cambios en el servidor"
        },
        {
            "date": "25/04/2020",
            "description": "Cambios internos"
        },
        {
            "date": "29/03/2020",
            "description": "Cambios internos"
        },
        {
            "date": "31/12/2019",
            "description": "Cambios internos"
        },
        {
            "date": "05/07/2019",
            "description": "Cambios internos"
        },
        {
            "date": "10/06/2019",
            "description": "Cambios internos"
        },
        {
            "date": "08/06/2019",
            "description": "Cambios internos"
        },
        {
            "date": "29/04/2019",
            "description": "Primera version"
        }
    ],
    "find_videos": {
        "ignore_urls": [],
        "patterns": [
            {
                "pattern": "vidtodo.com/(?:embed-|)([A-z0-9]+)",
                "url": "https://vidtodo.com/\\1"
            }
        ]
    },
    "free": true,
    "id": "vidtodo",
    "name": "Vidtodo",
    "settings": [],
    "version": 8
}