{
  "id": "entrepeliculasyseries",
  "name": "EntrePeliculasySeries",
  "thumbnail": "entrepeliculasyseries.jpg",

  "active": true,

  "searchable": true,
  "search_types": ["all", "movie", "tvshow"],

  "categories": [ "movie", "tvshow" ],
  "language": ["cast", "lat", "vose"],

  "clusters": ["suggested", "producers", "years", "lasts", "kids", "docs", "vos", "anime"],

  "notes": "Películas por géneros y año. Series por Géneros. Puede requerir el uso de proxies en función del país/operadora desde el que se accede."
}
