{
  "id": "pelisplay",
  "name": "PelisPlay",
  "thumbnail": "pelisplay.png",

  "active": false,

  "searchable": true,
  "search_types": ["all", "movie", "tvshow"],

  "categories": ["movie", "tvshow"],
  "language": ["cast", "lat", "vose"],

  "clusters": ["temporary", "adults", "news", "rankings", "producers", "kids", "docs", "vos", "anime"],

  "notes": "Películas por géneros. Series por Géneros. Puede requerir el uso de proxies en función del país/operadora desde el que se accede."
}
