{
    "active": true,
    "changes": [
        {
            "date": "03/12/2020",
            "description": "Cuentas free, premium y sin cuenta"
        },
        {
            "date": "09/07/2020",
            "description": "Añadido Token de usuário"
        },
        {
            "date": "24/08/2007", 
            "description": "Primera version"
        }
    ], 
    "find_videos": {
        "ignore_urls": [], 
        "patterns": [
            {
                "pattern": "uptobox.com/([a-z0-9]+)", 
                "url": "\\1"
            }, 
            {
                "pattern": "uptostream.com/iframe/([a-z0-9]+)", 
                "url": "\\1"
            }
        ]
    }, 
    "free": true, 
    "id": "uptobox", 
    "name": "Uptobox",
    "settings": [
        {
            "default": "",
            "id": "user",
            "label": "Usuário",
            "type": "text"},
        {
            "default": "",
            "hidden": true,
            "id": "password",
            "label": "Contraseña",
            "type": "text"
        },
        {
            "default": true,
            "id": "onlyOrigin",
            "label": "Reproducir siempre a máxima resolución",
            "type": "bool"
        }
    ],

    "version": 5
}