{
  "active": true,
  "name": "Torrents",
  "adult": false,
  "categories": [
    "movie"
  ],
  "changes": [
    {
      "date": "06/03/2021",
      "description": "Modificado por cambios en la fuente"
    },
    {
      "date": "04/02/2021",
      "description": "Primera versión"
    }
  ],
  "id": "torrents",
  "min_version": {
    "main": "2.4.1",
    "python": null
  },
  "search": {
    "movie":{
      "action": "search",
      "content_type": "movies"
    }
  },
    "newest": {
        "movie": {
          "action": "selection",
          "label": "Cine de estreno",
          "content_type": "movies"
    }
  },
  "poster": "https://github.com/pepemebe/mag/raw/main/img/poster/torrents.png",
  "icon": "https://github.com/pepemebe/mag/raw/main/img/icon/torrents.png",
  "thumb": "https://github.com/pepemebe/mag/raw/main/img/thumb/torrents.png",
  "fanart": "https://github.com/pepemebe/mag/raw/main/img/fanart/torrents.jpg",
  "settings": [],
  "version": 2
}
