{
  "active": true,
  "changes": [
    {
      "date": "13/12/2020",
      "description": "Añadir patron"
    },
    {
      "date": "30/12/2019",
      "description": "Soporte Python 3"
    },
    {
      "date": "01/12/2017",
      "description": "Primera version"
    }
  ],
  "find_videos": {
    "ignore_urls": [
    ],
    "patterns": [
      {
        "pattern": "mega(?:.co)?.nz/(#[F]?![A-Za-z0-9-_]+![A-Za-z0-9-_]+)",
        "url": "http://mega.co.nz/\\1"
      },
      {
        "pattern": "mega(?:.co)?.nz/file/([A-Za-z0-9-_]+)#([A-Za-z0-9-_]+)",
        "url": "http://mega.co.nz/#!\\1!\\2"
      }
    ]
  },
  "free": true,
  "id": "mega",
  "name": "Mega",
  "settings": [],
  "version": 3
}