{
    "addon_version": "3.1.00",
    "files": {
        "channels": [
            "cinecalidad",
            "cinecalidadlol",
            "cinecalidadmx",
            "cuevana2esp",
            "dontorrents",
            "elifilms",
            "ennovelas",
            "hdfull",
            "historiadeamortv",
            "mejortorrentapp",
            "pelishouse",
            "pelisplushd",
            "pelisplushdnz",
            "serieskao",
            "tupelihd"
        ],
        "core": [
            "proxytools",
            "proxytoolsz",
            "servertools"
        ],
        "modules": [
            "actions",
            "domains",
            "filters",
            "helper",
            "search",
            "submnuteam",
            "tester"
        ],
        "platformcode": [
            "platformtools"
        ],
        "resources": [
            "settings"
        ],
        "root dir": [
            "dominios",
            "version"
        ],
        "servers": [
            "mega",
            "megaup",
            "playtube",
            "uptobox",
            "various"
        ]
    },
    "fix_version": 6,
    "hash": "51f3ec9a104d57ddb09eac2a0a6f1a9c"
}